{
  "standard": "Weather/Current/Metric",
  "source": "ExampleOpenWeatherMap",
  "groupId": "0920a84a-1548-4644-b95d-e3f80e1b9ca6",
  "data": {
    "name": "Example Productizer",
    "description": "Example.com productizer to get Open Weather Map weather data",
    "productizerUrl": "https://productizer.example.com/",
    "publicKeys": ["...", "..."],
    "imageUrl": "https://productizer.example.com/image.png",
    "tags": ["weather"],
    "policies": {
      "authenticationRequired": false,
      "subscriptionRequired": true
    }
  }
}
